{"cameraMode":{"drawMode":0,"name":"Shaded","section":"Shading Mode"},"sceneLighting":true,"audioPlay":false,"sceneViewState":{"showFog":true,"showMaterialUpdate":false,"showSkybox":true,"showFlares":true,"showImageEffects":true,"showParticleSystems":true},"in2DMode":false,"pivot":{"x":-76.76730346679688,"y":1.1162610054016114,"z":-31.873647689819337},"rotation":{"x":0.04520020633935928,"y":0.23307690024375916,"z":-0.010845893062651158,"w":0.9713467359542847},"size":5.833555221557617,"orthographic":false}